Rating Date,Team,Division,Recent Form
17/10/2022 (v6.0),Anaheim Ducks,PAC,0.2868769787311557
17/10/2022 (v6.0),Arizona Coyotes,CEN,0.2868769787311557
17/10/2022 (v6.0),Boston Bruins,ATL,0.9388903591390753
17/10/2022 (v6.0),Buffalo Sabres,ATL,0.2868769787311557
17/10/2022 (v6.0),Calgary Flames,CEN,0.7131463083279208
17/10/2022 (v6.0),Carolina Hurricanes,MET,0.9388903591390753
17/10/2022 (v6.0),Chicago Blackhawks,CEN,0.2868769787311557
17/10/2022 (v6.0),Colorado Avalanche,CEN,0.7131463083279208
17/10/2022 (v6.0),Columbus Blue Jackets,MET,0.06111617233691272
17/10/2022 (v6.0),Dallas Stars,CEN,0.9388903591390753
17/10/2022 (v6.0),Detroit Red Wings,ATL,0.8201275837639908
17/10/2022 (v6.0),Edmonton Oilers,PAC,0.2868769787311557
17/10/2022 (v6.0),Florida Panthers,ATL,0.7131463083279208
17/10/2022 (v6.0),Los Angeles Kings,PAC,0.7131463083279208
17/10/2022 (v6.0),Minnesota Wild,CEN,0.06111617233691272
17/10/2022 (v6.0),Montréal Canadiens,ATL,0.7131463083279208
17/10/2022 (v6.0),Nashville Predators,CEN,0.7131463083279208
17/10/2022 (v6.0),New Jersey Devils,MET,0.06111617233691272
17/10/2022 (v6.0),New York Islanders,MET,0.2868769787311557
17/10/2022 (v6.0),New York Rangers,MET,0.9388903591390753
17/10/2022 (v6.0),Ottawa Senators,ATL,0.06111617233691272
17/10/2022 (v6.0),Philadelphia Flyers,MET,0.7131463083279208
17/10/2022 (v6.0),Pittsburgh Penguins,MET,0.8201275837639908
17/10/2022 (v6.0),San Jose Sharks,PAC,0.06111617233691272
17/10/2022 (v6.0),Seattle Kraken,PAC,0.42455486390190617
17/10/2022 (v6.0),St. Louis Blues,CEN,0.2868769787311557
17/10/2022 (v6.0),Tampa Bay Lightning,ATL,0.2868769787311557
17/10/2022 (v6.0),Toronto Maple Leafs,ATL,0.7131463083279208
17/10/2022 (v6.0),Vancouver Canucks,PAC,0.06111617233691272
17/10/2022 (v6.0),Vegas Golden Knights,PAC,0.9388903591390753
17/10/2022 (v6.0),Washington Capitals,MET,0.7131463083279208
17/10/2022 (v6.0),Winnipeg Jets,CEN,0.2868769787311557
22/10/2022 (v6.0),Anaheim Ducks,PAC,0.0752632006696111
22/10/2022 (v6.0),Arizona Coyotes,CEN,0.04472343131704913
22/10/2022 (v6.0),Boston Bruins,ATL,0.9729057355960856
22/10/2022 (v6.0),Buffalo Sabres,ATL,0.8721772370672157
22/10/2022 (v6.0),Calgary Flames,CEN,0.8721772370672157
22/10/2022 (v6.0),Carolina Hurricanes,MET,0.6926880499009717
22/10/2022 (v6.0),Chicago Blackhawks,CEN,0.19767551874087447
22/10/2022 (v6.0),Colorado Avalanche,CEN,0.6926880499009717
22/10/2022 (v6.0),Columbus Blue Jackets,MET,0.19767551874087447
22/10/2022 (v6.0),Dallas Stars,CEN,0.9222511281030603
22/10/2022 (v6.0),Detroit Red Wings,ATL,0.4268009675063166
22/10/2022 (v6.0),Edmonton Oilers,PAC,0.19767551874087447
22/10/2022 (v6.0),Florida Panthers,ATL,0.6926880499009717
22/10/2022 (v6.0),Los Angeles Kings,PAC,0.5645701390517465
22/10/2022 (v6.0),Minnesota Wild,CEN,0.0752632006696111
22/10/2022 (v6.0),Montréal Canadiens,ATL,0.5645701390517465
22/10/2022 (v6.0),Nashville Predators,CEN,0.2998734141477616
22/10/2022 (v6.0),New Jersey Devils,MET,0.5645701390517465
22/10/2022 (v6.0),New York Islanders,MET,0.19767551874087447
22/10/2022 (v6.0),New York Rangers,MET,0.6926880499009717
22/10/2022 (v6.0),Ottawa Senators,ATL,0.5645701390517465
22/10/2022 (v6.0),Philadelphia Flyers,MET,0.8721772370672157
22/10/2022 (v6.0),Pittsburgh Penguins,MET,0.9222511281030603
22/10/2022 (v6.0),San Jose Sharks,PAC,0.04472343131704913
22/10/2022 (v6.0),Seattle Kraken,PAC,0.4268009675063166
22/10/2022 (v6.0),St. Louis Blues,CEN,0.5645701390517465
22/10/2022 (v6.0),Tampa Bay Lightning,ATL,0.5645701390517465
22/10/2022 (v6.0),Toronto Maple Leafs,ATL,0.8721772370672157
22/10/2022 (v6.0),Vancouver Canucks,PAC,0.026182071732398657
22/10/2022 (v6.0),Vegas Golden Knights,PAC,0.8721772370672157
22/10/2022 (v6.0),Washington Capitals,MET,0.5645701390517465
22/10/2022 (v6.0),Winnipeg Jets,CEN,0.19767551874087447
31/10/2022 (v6.0),Anaheim Ducks,PAC,0.03898734799723342
31/10/2022 (v6.0),Arizona Coyotes,CEN,0.03898734799723342
31/10/2022 (v6.0),Boston Bruins,ATL,0.9840242410049966
31/10/2022 (v6.0),Buffalo Sabres,ATL,0.8227833705582185
31/10/2022 (v6.0),Calgary Flames,CEN,0.5603767192472409
31/10/2022 (v6.0),Carolina Hurricanes,MET,0.8771555602337417
31/10/2022 (v6.0),Chicago Blackhawks,CEN,0.4528785081630707
31/10/2022 (v6.0),Colorado Avalanche,CEN,0.3498968974568872
31/10/2022 (v6.0),Columbus Blue Jackets,MET,0.08765841402238127
31/10/2022 (v6.0),Dallas Stars,CEN,0.662205126763363
31/10/2022 (v6.0),Detroit Red Wings,ATL,0.4528785081630707
31/10/2022 (v6.0),Edmonton Oilers,PAC,0.8227833705582185
31/10/2022 (v6.0),Florida Panthers,ATL,0.662205126763363
31/10/2022 (v6.0),Los Angeles Kings,PAC,0.8227833705582185
31/10/2022 (v6.0),Minnesota Wild,CEN,0.3498968974568872
31/10/2022 (v6.0),Montréal Canadiens,ATL,0.5603767192472409
31/10/2022 (v6.0),Nashville Predators,CEN,0.12874270983779096
31/10/2022 (v6.0),New Jersey Devils,MET,0.8227833705582185
31/10/2022 (v6.0),New York Islanders,MET,0.5603767192472409
31/10/2022 (v6.0),New York Rangers,MET,0.7509306606382239
31/10/2022 (v6.0),Ottawa Senators,ATL,0.2592370284836526
31/10/2022 (v6.0),Philadelphia Flyers,MET,0.662205126763363
31/10/2022 (v6.0),Pittsburgh Penguins,MET,0.3498968974568872
31/10/2022 (v6.0),San Jose Sharks,PAC,0.08765841402238127
31/10/2022 (v6.0),Seattle Kraken,PAC,0.4528785081630707
31/10/2022 (v6.0),St. Louis Blues,CEN,0.08765841402238127
31/10/2022 (v6.0),Tampa Bay Lightning,ATL,0.5603767192472409
31/10/2022 (v6.0),Toronto Maple Leafs,ATL,0.4528785081630707
31/10/2022 (v6.0),Vancouver Canucks,PAC,0.058728585704451046
31/10/2022 (v6.0),Vegas Golden Knights,PAC,0.9840242410049966
31/10/2022 (v6.0),Washington Capitals,MET,0.662205126763363
31/10/2022 (v6.0),Winnipeg Jets,CEN,0.662205126763363
13/11/2022 (v6.2),Anaheim Ducks,PAC,0.09693607099101388
13/11/2022 (v6.2),Arizona Coyotes,CEN,0.5127321475798113
13/11/2022 (v6.2),Boston Bruins,ATL,0.9743905005895174
13/11/2022 (v6.2),Buffalo Sabres,ATL,0.09693607099101388
13/11/2022 (v6.2),Calgary Flames,CEN,0.1707804549581868
13/11/2022 (v6.2),Carolina Hurricanes,MET,0.6689751736895785
13/11/2022 (v6.2),Chicago Blackhawks,CEN,0.4314698774078638
13/11/2022 (v6.2),Colorado Avalanche,CEN,0.7367939993885657
13/11/2022 (v6.2),Columbus Blue Jackets,MET,0.12943947613877374
13/11/2022 (v6.2),Dallas Stars,CEN,0.4317099063332375
13/11/2022 (v6.2),Detroit Red Wings,ATL,0.2834337822209092
13/11/2022 (v6.2),Edmonton Oilers,PAC,0.6689751736895785
13/11/2022 (v6.2),Florida Panthers,ATL,0.4317099063332375
13/11/2022 (v6.2),Los Angeles Kings,PAC,0.8816139203669268
13/11/2022 (v6.2),Minnesota Wild,CEN,0.7367939993885657
13/11/2022 (v6.2),Montréal Canadiens,ATL,0.5127321475798113
13/11/2022 (v6.2),Nashville Predators,CEN,0.2221277039216012
13/11/2022 (v6.2),New Jersey Devils,MET,0.9743905005895174
13/11/2022 (v6.2),New York Islanders,MET,0.934650144547487
13/11/2022 (v6.2),New York Rangers,MET,0.3539607181701094
13/11/2022 (v6.2),Ottawa Senators,ATL,0.12943947613877374
13/11/2022 (v6.2),Philadelphia Flyers,MET,0.3539607181701094
13/11/2022 (v6.2),Pittsburgh Penguins,MET,0.07185499479015434
13/11/2022 (v6.2),San Jose Sharks,PAC,0.2219586896140581
13/11/2022 (v6.2),Seattle Kraken,PAC,0.8431672404447547
13/11/2022 (v6.2),St. Louis Blues,CEN,0.03878466995545267
13/11/2022 (v6.2),Tampa Bay Lightning,ATL,0.7367939993885657
13/11/2022 (v6.2),Toronto Maple Leafs,ATL,0.4314698774078638
13/11/2022 (v6.2),Vancouver Canucks,PAC,0.2834337822209092
13/11/2022 (v6.2),Vegas Golden Knights,PAC,0.9743905005895174
13/11/2022 (v6.2),Washington Capitals,MET,0.3539607181701094
13/11/2022 (v6.2),Winnipeg Jets,CEN,0.7367939993885657
27/11/2022 (v6.2),Anaheim Ducks,PAC,0.09579747197918917
27/11/2022 (v6.2),Arizona Coyotes,CEN,0.3339563069881187
27/11/2022 (v6.2),Boston Bruins,ATL,0.918374604664284
27/11/2022 (v6.2),Buffalo Sabres,ATL,0.04000692610260542
27/11/2022 (v6.2),Calgary Flames,CEN,0.26873446122836203
27/11/2022 (v6.2),Carolina Hurricanes,MET,0.26855114005342007
27/11/2022 (v6.2),Chicago Blackhawks,CEN,0.07199383315377403
27/11/2022 (v6.2),Colorado Avalanche,CEN,0.918374604664284
27/11/2022 (v6.2),Columbus Blue Jackets,MET,0.26873446122836203
27/11/2022 (v6.2),Dallas Stars,CEN,0.40621437304852825
27/11/2022 (v6.2),Detroit Red Wings,ATL,0.7641859718947103
27/11/2022 (v6.2),Edmonton Oilers,PAC,0.2121923692675673
27/11/2022 (v6.2),Florida Panthers,ATL,0.3339563069881187
27/11/2022 (v6.2),Los Angeles Kings,PAC,0.7037167310325143
27/11/2022 (v6.2),Minnesota Wild,CEN,0.26873446122836203
27/11/2022 (v6.2),Montréal Canadiens,ATL,0.6351447290519732
27/11/2022 (v6.2),Nashville Predators,CEN,0.7037167310325143
27/11/2022 (v6.2),New Jersey Devils,MET,0.9662199577596163
27/11/2022 (v6.2),New York Islanders,MET,0.8156889898450562
27/11/2022 (v6.2),New York Rangers,MET,0.3339563069881187
27/11/2022 (v6.2),Ottawa Senators,ATL,0.12629644083245709
27/11/2022 (v6.2),Philadelphia Flyers,MET,0.016113344268642246
27/11/2022 (v6.2),Pittsburgh Penguins,MET,0.8579194814249577
27/11/2022 (v6.2),San Jose Sharks,PAC,0.26873446122836203
27/11/2022 (v6.2),Seattle Kraken,PAC,0.9388412078253237
27/11/2022 (v6.2),St. Louis Blues,CEN,0.918374604664284
27/11/2022 (v6.2),Tampa Bay Lightning,ATL,0.7037167310325143
27/11/2022 (v6.2),Toronto Maple Leafs,ATL,0.8155486723934643
27/11/2022 (v6.2),Vancouver Canucks,PAC,0.48300742527405394
27/11/2022 (v6.2),Vegas Golden Knights,PAC,0.48300742527405394
27/11/2022 (v6.2),Washington Capitals,MET,0.26873446122836203
27/11/2022 (v6.2),Winnipeg Jets,CEN,0.8156889898450562
04/12/2022 (v6.2),Anaheim Ducks,PAC,0.057225339339510815
04/12/2022 (v6.2),Arizona Coyotes,CEN,0.07806824842424584
04/12/2022 (v6.2),Boston Bruins,ATL,0.9715592711526712
04/12/2022 (v6.2),Buffalo Sabres,ATL,0.10574643837740993
04/12/2022 (v6.2),Calgary Flames,CEN,0.46622918720303946
04/12/2022 (v6.2),Carolina Hurricanes,MET,0.703399510596946
04/12/2022 (v6.2),Chicago Blackhawks,CEN,0.04169546587823243
04/12/2022 (v6.2),Colorado Avalanche,CEN,0.6298552880629767
04/12/2022 (v6.2),Columbus Blue Jackets,MET,0.5492531313909371
04/12/2022 (v6.2),Dallas Stars,CEN,0.8220683741223251
04/12/2022 (v6.2),Detroit Red Wings,ATL,0.30956056425518236
04/12/2022 (v6.2),Edmonton Oilers,PAC,0.6298552880629767
04/12/2022 (v6.2),Florida Panthers,ATL,0.3847980876615216
04/12/2022 (v6.2),Los Angeles Kings,PAC,0.18708556542465263
04/12/2022 (v6.2),Minnesota Wild,CEN,0.703608060922502
04/12/2022 (v6.2),Montréal Canadiens,ATL,0.38503480270889023
04/12/2022 (v6.2),Nashville Predators,CEN,0.8658051193386206
04/12/2022 (v6.2),New Jersey Devils,MET,0.9460478072857925
04/12/2022 (v6.2),New York Islanders,MET,0.6298552880629767
04/12/2022 (v6.2),New York Rangers,MET,0.30956056425518236
04/12/2022 (v6.2),Ottawa Senators,ATL,0.38503480270889023
04/12/2022 (v6.2),Philadelphia Flyers,MET,0.030215589981939912
04/12/2022 (v6.2),Pittsburgh Penguins,MET,0.8658051193386206
04/12/2022 (v6.2),San Jose Sharks,PAC,0.10574643837740993
04/12/2022 (v6.2),Seattle Kraken,PAC,0.8658051193386206
04/12/2022 (v6.2),St. Louis Blues,CEN,0.38503480270889023
04/12/2022 (v6.2),Tampa Bay Lightning,ATL,0.9263038699752297
04/12/2022 (v6.2),Toronto Maple Leafs,ATL,0.9262355876081219
04/12/2022 (v6.2),Vancouver Canucks,PAC,0.6298552880629767
04/12/2022 (v6.2),Vegas Golden Knights,PAC,0.46622918720303946
04/12/2022 (v6.2),Washington Capitals,MET,0.14160747671492335
04/12/2022 (v6.2),Winnipeg Jets,CEN,0.6298552880629767
11/12/2022 (v6.4),Anaheim Ducks,PAC,0.07680868430242138
11/12/2022 (v6.4),Arizona Coyotes,CEN,0.15795953067065577
11/12/2022 (v6.4),Boston Bruins,ATL,0.769028180445991
11/12/2022 (v6.4),Buffalo Sabres,ATL,0.49629916838568733
11/12/2022 (v6.4),Calgary Flames,CEN,0.3077771785554088
11/12/2022 (v6.4),Carolina Hurricanes,MET,0.6937595228289292
11/12/2022 (v6.4),Chicago Blackhawks,CEN,0.017957848938008523
11/12/2022 (v6.4),Colorado Avalanche,CEN,0.25104108493793176
11/12/2022 (v6.4),Columbus Blue Jackets,MET,0.18087063429894412
11/12/2022 (v6.4),Dallas Stars,CEN,0.657450347700879
11/12/2022 (v6.4),Detroit Red Wings,ATL,0.5145519069314577
11/12/2022 (v6.4),Edmonton Oilers,PAC,0.657450347700879
11/12/2022 (v6.4),Florida Panthers,ATL,0.2895244400096385
11/12/2022 (v6.4),Los Angeles Kings,PAC,0.4182227251737762
11/12/2022 (v6.4),Minnesota Wild,CEN,0.7957540376165136
11/12/2022 (v6.4),Montréal Canadiens,ATL,0.42438959501397594
11/12/2022 (v6.4),Nashville Predators,CEN,0.6126238490886582
11/12/2022 (v6.4),New Jersey Devils,MET,0.769028180445991
11/12/2022 (v6.4),New York Islanders,MET,0.5659463276575853
11/12/2022 (v6.4),New York Rangers,MET,0.5314329567540792
11/12/2022 (v6.4),Ottawa Senators,ATL,0.48836438514645847
11/12/2022 (v6.4),Philadelphia Flyers,MET,0.09506142284819169
11/12/2022 (v6.4),Pittsburgh Penguins,MET,0.9539157892516996
11/12/2022 (v6.4),San Jose Sharks,PAC,0.2108724384162691
11/12/2022 (v6.4),Seattle Kraken,PAC,0.7065455561993698
11/12/2022 (v6.4),St. Louis Blues,CEN,0.09398474053817324
11/12/2022 (v6.4),Tampa Bay Lightning,ATL,0.8232832675273247
11/12/2022 (v6.4),Toronto Maple Leafs,ATL,0.9560043814803749
11/12/2022 (v6.4),Vancouver Canucks,PAC,0.5659463276575853
11/12/2022 (v6.4),Vegas Golden Knights,PAC,0.6299211177900679
11/12/2022 (v6.4),Washington Capitals,MET,0.73682809443655
11/12/2022 (v6.4),Winnipeg Jets,CEN,0.9343850637253441
18/12/2022 (v6.4),Anaheim Ducks,PAC,0.23542174739993615
18/12/2022 (v6.4),Arizona Coyotes,CEN,0.13984501556520645
18/12/2022 (v6.4),Boston Bruins,ATL,0.8426599259477187
18/12/2022 (v6.4),Buffalo Sabres,ATL,0.767446131078332
18/12/2022 (v6.4),Calgary Flames,CEN,0.3734146838263331
18/12/2022 (v6.4),Carolina Hurricanes,MET,0.9456351461253892
18/12/2022 (v6.4),Chicago Blackhawks,CEN,0.018738565984403002
18/12/2022 (v6.4),Colorado Avalanche,CEN,0.300241031881733
18/12/2022 (v6.4),Columbus Blue Jackets,MET,0.11322005850389295
18/12/2022 (v6.4),Dallas Stars,CEN,0.7000213994583008
18/12/2022 (v6.4),Detroit Red Wings,ATL,0.07010116339952227
18/12/2022 (v6.4),Edmonton Oilers,PAC,0.43954472255422444
18/12/2022 (v6.4),Florida Panthers,ATL,0.41689041104027597
18/12/2022 (v6.4),Los Angeles Kings,PAC,0.5714972541897398
18/12/2022 (v6.4),Minnesota Wild,CEN,0.9143446467418388
18/12/2022 (v6.4),Montréal Canadiens,ATL,0.11322005850389295
18/12/2022 (v6.4),Nashville Predators,CEN,0.17096123486018813
18/12/2022 (v6.4),New Jersey Devils,MET,0.285101792867584
18/12/2022 (v6.4),New York Islanders,MET,0.300241031881733
18/12/2022 (v6.4),New York Rangers,MET,0.8723153359098554
18/12/2022 (v6.4),Ottawa Senators,ATL,0.861340474474299
18/12/2022 (v6.4),Philadelphia Flyers,MET,0.17096123486018813
18/12/2022 (v6.4),Pittsburgh Penguins,MET,0.9454301307804804
18/12/2022 (v6.4),San Jose Sharks,PAC,0.22313467744396795
18/12/2022 (v6.4),Seattle Kraken,PAC,0.3575225548478205
18/12/2022 (v6.4),St. Louis Blues,CEN,0.3375599906452034
18/12/2022 (v6.4),Tampa Bay Lightning,ATL,0.9212636029935944
18/12/2022 (v6.4),Toronto Maple Leafs,ATL,0.7535202432435564
18/12/2022 (v6.4),Vancouver Canucks,PAC,0.5725504807607771
18/12/2022 (v6.4),Vegas Golden Knights,PAC,0.5725504807607771
18/12/2022 (v6.4),Washington Capitals,MET,0.8128880994360119
18/12/2022 (v6.4),Winnipeg Jets,CEN,0.7965669127557693
24/12/2022 (v6.5),Anaheim Ducks,PAC,0.15948769364164656
24/12/2022 (v6.5),Arizona Coyotes,CEN,0.3123134788610539
24/12/2022 (v6.5),Boston Bruins,ATL,0.890361058902919
24/12/2022 (v6.5),Buffalo Sabres,ATL,0.8605389260479246
24/12/2022 (v6.5),Calgary Flames,CEN,0.49031396465321375
24/12/2022 (v6.5),Carolina Hurricanes,MET,0.975962931870239
24/12/2022 (v6.5),Chicago Blackhawks,CEN,0.12202442802938915
24/12/2022 (v6.5),Colorado Avalanche,CEN,0.727230479797598
24/12/2022 (v6.5),Columbus Blue Jackets,MET,0.03580477826908174
24/12/2022 (v6.5),Dallas Stars,CEN,0.6765381066128358
24/12/2022 (v6.5),Detroit Red Wings,ATL,0.2262094252513868
24/12/2022 (v6.5),Edmonton Oilers,PAC,0.3167180613385732
24/12/2022 (v6.5),Florida Panthers,ATL,0.0925011865693739
24/12/2022 (v6.5),Los Angeles Kings,PAC,0.6936913139353613
24/12/2022 (v6.5),Minnesota Wild,CEN,0.723257618371006
24/12/2022 (v6.5),Montréal Canadiens,ATL,0.17653070588375344
24/12/2022 (v6.5),Nashville Predators,CEN,0.23069444383454815
24/12/2022 (v6.5),New Jersey Devils,MET,0.144572325283408
24/12/2022 (v6.5),New York Islanders,MET,0.3663967807062065
24/12/2022 (v6.5),New York Rangers,MET,0.8632493580658529
24/12/2022 (v6.5),Ottawa Senators,ATL,0.5204465595807999
24/12/2022 (v6.5),Philadelphia Flyers,MET,0.15995975260559217
24/12/2022 (v6.5),Pittsburgh Penguins,MET,0.8468152431956868
24/12/2022 (v6.5),San Jose Sharks,PAC,0.2262094252513868
24/12/2022 (v6.5),Seattle Kraken,PAC,0.2775501278516591
24/12/2022 (v6.5),St. Louis Blues,CEN,0.5204465595807999
24/12/2022 (v6.5),Tampa Bay Lightning,ATL,0.7066866650928447
24/12/2022 (v6.5),Toronto Maple Leafs,ATL,0.8333634455744282
24/12/2022 (v6.5),Vancouver Canucks,PAC,0.6416783954110958
24/12/2022 (v6.5),Vegas Golden Knights,PAC,0.6416783954110958
24/12/2022 (v6.5),Washington Capitals,MET,0.9570031649516345
24/12/2022 (v6.5),Winnipeg Jets,CEN,0.3601966144147988
27/12/2022 (v6.5),Anaheim Ducks,PAC,0.1783184684800665
27/12/2022 (v6.5),Arizona Coyotes,CEN,0.5269292473259204
27/12/2022 (v6.5),Boston Bruins,ATL,0.8071018141566727
27/12/2022 (v6.5),Buffalo Sabres,ATL,0.8573642744169553
27/12/2022 (v6.5),Calgary Flames,CEN,0.28376357540467567
27/12/2022 (v6.5),Carolina Hurricanes,MET,0.973626077850662
27/12/2022 (v6.5),Chicago Blackhawks,CEN,0.061348661426071135
27/12/2022 (v6.5),Colorado Avalanche,CEN,0.6345338314992099
27/12/2022 (v6.5),Columbus Blue Jackets,MET,0.04308721943357805
27/12/2022 (v6.5),Dallas Stars,CEN,0.8324791207846551
27/12/2022 (v6.5),Detroit Red Wings,ATL,0.24478544414097791
27/12/2022 (v6.5),Edmonton Oilers,PAC,0.5673876148909399
27/12/2022 (v6.5),Florida Panthers,ATL,0.1069043275192842
27/12/2022 (v6.5),Los Angeles Kings,PAC,0.6992050916914664
27/12/2022 (v6.5),Minnesota Wild,CEN,0.7751313319908297
27/12/2022 (v6.5),Montréal Canadiens,ATL,0.19653049858556104
27/12/2022 (v6.5),Nashville Predators,CEN,0.13620921793804125
27/12/2022 (v6.5),New Jersey Devils,MET,0.16321772182998312
27/12/2022 (v6.5),New York Islanders,MET,0.40697205252673474
27/12/2022 (v6.5),New York Rangers,MET,0.8154608227944374
27/12/2022 (v6.5),Ottawa Senators,ATL,0.5673876148909399
27/12/2022 (v6.5),Philadelphia Flyers,MET,0.17877185558517777
27/12/2022 (v6.5),Pittsburgh Penguins,MET,0.7627113890792077
27/12/2022 (v6.5),San Jose Sharks,PAC,0.24478544414097791
27/12/2022 (v6.5),Seattle Kraken,PAC,0.29886432205475905
27/12/2022 (v6.5),St. Louis Blues,CEN,0.5862886468861387
27/12/2022 (v6.5),Tampa Bay Lightning,ATL,0.7091177434350295
27/12/2022 (v6.5),Toronto Maple Leafs,ATL,0.8478292295680232
27/12/2022 (v6.5),Vancouver Canucks,PAC,0.6487752011712862
27/12/2022 (v6.5),Vegas Golden Knights,PAC,0.6487752011712862
27/12/2022 (v6.5),Washington Capitals,MET,0.9594842120761619
27/12/2022 (v6.5),Winnipeg Jets,CEN,0.20737954792257718
29/12/2022 (v6.5),Anaheim Ducks,PAC,0.3282537653149151
29/12/2022 (v6.5),Arizona Coyotes,CEN,0.521926813595584
29/12/2022 (v6.5),Boston Bruins,ATL,0.8340277699561273
29/12/2022 (v6.5),Buffalo Sabres,ATL,0.8530955395293582
29/12/2022 (v6.5),Calgary Flames,CEN,0.49988953965509053
29/12/2022 (v6.5),Carolina Hurricanes,MET,0.972479042591011
29/12/2022 (v6.5),Chicago Blackhawks,CEN,0.05923102567541626
29/12/2022 (v6.5),Colorado Avalanche,CEN,0.6289084759569188
29/12/2022 (v6.5),Columbus Blue Jackets,MET,0.043752000429636305
29/12/2022 (v6.5),Dallas Stars,CEN,0.8264916687148267
29/12/2022 (v6.5),Detroit Red Wings,ATL,0.4031981531875554
29/12/2022 (v6.5),Edmonton Oilers,PAC,0.5613073640431387
29/12/2022 (v6.5),Florida Panthers,ATL,0.10693538675517539
29/12/2022 (v6.5),Los Angeles Kings,PAC,0.7255455317467077
29/12/2022 (v6.5),Minnesota Wild,CEN,0.768409345741034
29/12/2022 (v6.5),Montréal Canadiens,ATL,0.14468158214782856
29/12/2022 (v6.5),Nashville Predators,CEN,0.13450258198674422
29/12/2022 (v6.5),New Jersey Devils,MET,0.07934041049527574
29/12/2022 (v6.5),New York Islanders,MET,0.4031981531875554
29/12/2022 (v6.5),New York Rangers,MET,0.8106719474029607
29/12/2022 (v6.5),Ottawa Senators,ATL,0.5613073640431387
29/12/2022 (v6.5),Philadelphia Flyers,MET,0.17782869488486788
29/12/2022 (v6.5),Pittsburgh Penguins,MET,0.6928777291525088
29/12/2022 (v6.5),San Jose Sharks,PAC,0.1945915547479561
29/12/2022 (v6.5),Seattle Kraken,PAC,0.1614444420109168
29/12/2022 (v6.5),St. Louis Blues,CEN,0.5805759292919104
29/12/2022 (v6.5),Tampa Bay Lightning,ATL,0.768409345741034
29/12/2022 (v6.5),Toronto Maple Leafs,ATL,0.842732141675721
29/12/2022 (v6.5),Vancouver Canucks,PAC,0.8066870926424217
29/12/2022 (v6.5),Vegas Golden Knights,PAC,0.46722173706089165
29/12/2022 (v6.5),Washington Capitals,MET,0.9573082819895478
29/12/2022 (v6.5),Winnipeg Jets,CEN,0.20689147722397705
01/01/2023 (v6.5),Anaheim Ducks,PAC,0.1508409879071105
01/01/2023 (v6.5),Arizona Coyotes,CEN,0.43917807938730047
01/01/2023 (v6.5),Boston Bruins,ATL,0.8260413534514832
01/01/2023 (v6.5),Buffalo Sabres,ATL,0.7555486296615528
01/01/2023 (v6.5),Calgary Flames,CEN,0.6352915173276512
01/01/2023 (v6.5),Carolina Hurricanes,MET,0.9851667044261103
01/01/2023 (v6.5),Chicago Blackhawks,CEN,0.0222341342728693
01/01/2023 (v6.5),Colorado Avalanche,CEN,0.6214875458932004
01/01/2023 (v6.5),Columbus Blue Jackets,MET,0.1746759486166961
01/01/2023 (v6.5),Dallas Stars,CEN,0.8524190711761097
01/01/2023 (v6.5),Detroit Red Wings,ATL,0.23153378388180762
01/01/2023 (v6.5),Edmonton Oilers,PAC,0.3190482204458948
01/01/2023 (v6.5),Florida Panthers,ATL,0.10805051826459412
01/01/2023 (v6.5),Los Angeles Kings,PAC,0.6731862623450957
01/01/2023 (v6.5),Minnesota Wild,CEN,0.8600024706288953
01/01/2023 (v6.5),Montréal Canadiens,ATL,0.05524237852863456
01/01/2023 (v6.5),Nashville Predators,CEN,0.2817205898908898
01/01/2023 (v6.5),New Jersey Devils,MET,0.12077700863515486
01/01/2023 (v6.5),New York Islanders,MET,0.3190482204458948
01/01/2023 (v6.5),New York Rangers,MET,0.8046895528596348
01/01/2023 (v6.5),Ottawa Senators,ATL,0.6706284690912825
01/01/2023 (v6.5),Philadelphia Flyers,MET,0.39042691731115825
01/01/2023 (v6.5),Pittsburgh Penguins,MET,0.5023151896727608
01/01/2023 (v6.5),San Jose Sharks,PAC,0.3681891436439769
01/01/2023 (v6.5),Seattle Kraken,PAC,0.31568170706830195
01/01/2023 (v6.5),St. Louis Blues,CEN,0.5639128204623878
01/01/2023 (v6.5),Tampa Bay Lightning,ATL,0.8980372163721001
01/01/2023 (v6.5),Toronto Maple Leafs,ATL,0.7671040675811639
01/01/2023 (v6.5),Vancouver Canucks,PAC,0.3597581830658256
01/01/2023 (v6.5),Vegas Golden Knights,PAC,0.4883190025853826
01/01/2023 (v6.5),Washington Capitals,MET,0.8793343648796098
01/01/2023 (v6.5),Winnipeg Jets,CEN,0.4486213870851089
15/01/2023 (v6.5),Anaheim Ducks,PAC,0.10833811030001286
15/01/2023 (v6.5),Arizona Coyotes,CEN,0.023323286782426924
15/01/2023 (v6.5),Boston Bruins,ATL,0.8890310248021868
15/01/2023 (v6.5),Buffalo Sabres,ATL,0.6812731800257166
15/01/2023 (v6.5),Calgary Flames,CEN,0.8137305247858625
15/01/2023 (v6.5),Carolina Hurricanes,MET,0.7624891945291951
15/01/2023 (v6.5),Chicago Blackhawks,CEN,0.21769674611897658
15/01/2023 (v6.5),Colorado Avalanche,CEN,0.18568057615771494
15/01/2023 (v6.5),Columbus Blue Jackets,MET,0.16034732622498052
15/01/2023 (v6.5),Dallas Stars,CEN,0.6976265578938567
15/01/2023 (v6.5),Detroit Red Wings,ATL,0.4106245559549031
15/01/2023 (v6.5),Edmonton Oilers,PAC,0.7762920031770111
15/01/2023 (v6.5),Florida Panthers,ATL,0.4562239828439373
15/01/2023 (v6.5),Los Angeles Kings,PAC,0.6976265578938567
15/01/2023 (v6.5),Minnesota Wild,CEN,0.6295157205290326
15/01/2023 (v6.5),Montréal Canadiens,ATL,0.07324552467598265
15/01/2023 (v6.5),Nashville Predators,CEN,0.4562958702197646
15/01/2023 (v6.5),New Jersey Devils,MET,0.7850963184479001
15/01/2023 (v6.5),New York Islanders,MET,0.5336383360774667
15/01/2023 (v6.5),New York Rangers,MET,0.8137305247858625
15/01/2023 (v6.5),Ottawa Senators,ATL,0.48803890918843246
15/01/2023 (v6.5),Philadelphia Flyers,MET,0.8680816564882232
15/01/2023 (v6.5),Pittsburgh Penguins,MET,0.07755638623225741
15/01/2023 (v6.5),San Jose Sharks,PAC,0.15526503373778977
15/01/2023 (v6.5),Seattle Kraken,PAC,0.9583387159014272
15/01/2023 (v6.5),St. Louis Blues,CEN,0.469415684827533
15/01/2023 (v6.5),Tampa Bay Lightning,ATL,0.8680816564882232
15/01/2023 (v6.5),Toronto Maple Leafs,ATL,0.469415684827533
15/01/2023 (v6.5),Vancouver Canucks,PAC,0.07473199854676751
15/01/2023 (v6.5),Vegas Golden Knights,PAC,0.6976265578938567
15/01/2023 (v6.5),Washington Capitals,MET,0.5460298595327949
15/01/2023 (v6.5),Winnipeg Jets,CEN,0.8542788478404072
29/01/2023 (v6.5),Anaheim Ducks,PAC,0.3161492260113306
29/01/2023 (v6.5),Arizona Coyotes,CEN,0.10877136080750988
29/01/2023 (v6.5),Boston Bruins,ATL,0.822443029298616
29/01/2023 (v6.5),Buffalo Sabres,ATL,0.7446673804629391
29/01/2023 (v6.5),Calgary Flames,CEN,0.5827306552854906
29/01/2023 (v6.5),Carolina Hurricanes,MET,0.8428101928872116
29/01/2023 (v6.5),Chicago Blackhawks,CEN,0.5970598175590304
29/01/2023 (v6.5),Colorado Avalanche,CEN,0.837535505547395
29/01/2023 (v6.5),Columbus Blue Jackets,MET,0.0731562328020627
29/01/2023 (v6.5),Dallas Stars,CEN,0.42968375161516936
29/01/2023 (v6.5),Detroit Red Wings,ATL,0.42968375161516936
29/01/2023 (v6.5),Edmonton Oilers,PAC,0.8942813724093575
29/01/2023 (v6.5),Florida Panthers,ATL,0.5827306552854906
29/01/2023 (v6.5),Los Angeles Kings,PAC,0.5970598175590304
29/01/2023 (v6.5),Minnesota Wild,CEN,0.5249188276273545
29/01/2023 (v6.5),Montréal Canadiens,ATL,0.2057839477090112
29/01/2023 (v6.5),Nashville Predators,CEN,0.7074250958613497
29/01/2023 (v6.5),New Jersey Devils,MET,0.9222669534765389
29/01/2023 (v6.5),New York Islanders,MET,0.21274679652087555
29/01/2023 (v6.5),New York Rangers,MET,0.7928248581146398
29/01/2023 (v6.5),Ottawa Senators,ATL,0.45587453702384106
29/01/2023 (v6.5),Philadelphia Flyers,MET,0.5827306552854906
29/01/2023 (v6.5),Pittsburgh Penguins,MET,0.34550925872152166
29/01/2023 (v6.5),San Jose Sharks,PAC,0.22232784903401376
29/01/2023 (v6.5),Seattle Kraken,PAC,0.7349188566835925
29/01/2023 (v6.5),St. Louis Blues,CEN,0.12816795149247656
29/01/2023 (v6.5),Tampa Bay Lightning,ATL,0.9543070749413487
29/01/2023 (v6.5),Toronto Maple Leafs,ATL,0.668006099208264
29/01/2023 (v6.5),Vancouver Canucks,PAC,0.13750941774006709
29/01/2023 (v6.5),Vegas Golden Knights,PAC,0.0758941331736407
29/01/2023 (v6.5),Washington Capitals,MET,0.22232784903401376
29/01/2023 (v6.5),Winnipeg Jets,CEN,0.32120532335602675
23/02/2023 (v7.0),Anaheim Ducks,PAC,0.09237152441956649
23/02/2023 (v7.0),Arizona Coyotes,CEN,0.28765023439060294
23/02/2023 (v7.0),Boston Bruins,ATL,0.9287752723230823
23/02/2023 (v7.0),Buffalo Sabres,ATL,0.4309126679125482
23/02/2023 (v7.0),Calgary Flames,CEN,0.3747381413946904
23/02/2023 (v7.0),Carolina Hurricanes,MET,0.9713854719534764
23/02/2023 (v7.0),Chicago Blackhawks,CEN,0.29678659283098574
23/02/2023 (v7.0),Colorado Avalanche,CEN,0.6918131933421778
23/02/2023 (v7.0),Columbus Blue Jackets,MET,0.1355484442638121
23/02/2023 (v7.0),Dallas Stars,CEN,0.4104221994463516
23/02/2023 (v7.0),Detroit Red Wings,ATL,0.549865007253796
23/02/2023 (v7.0),Edmonton Oilers,PAC,0.6169547836061428
23/02/2023 (v7.0),Florida Panthers,ATL,0.47119120430231254
23/02/2023 (v7.0),Los Angeles Kings,PAC,0.7144314590668578
23/02/2023 (v7.0),Minnesota Wild,CEN,0.5054477647877148
23/02/2023 (v7.0),Montréal Canadiens,ATL,0.19224511787468934
23/02/2023 (v7.0),Nashville Predators,CEN,0.519143442401289
23/02/2023 (v7.0),New Jersey Devils,MET,0.8538904019171804
23/02/2023 (v7.0),New York Islanders,MET,0.4662262215417408
23/02/2023 (v7.0),New York Rangers,MET,0.8469735146013663
23/02/2023 (v7.0),Ottawa Senators,ATL,0.5212880081234939
23/02/2023 (v7.0),Philadelphia Flyers,MET,0.18153466230155618
23/02/2023 (v7.0),Pittsburgh Penguins,MET,0.3504775504716835
23/02/2023 (v7.0),San Jose Sharks,PAC,0.16182998521525357
23/02/2023 (v7.0),Seattle Kraken,PAC,0.5281328946791342
23/02/2023 (v7.0),St. Louis Blues,CEN,0.17332584966113387
23/02/2023 (v7.0),Tampa Bay Lightning,ATL,0.8398366554859854
23/02/2023 (v7.0),Toronto Maple Leafs,ATL,0.7776440623653003
23/02/2023 (v7.0),Vancouver Canucks,PAC,0.12525274139242173
23/02/2023 (v7.0),Vegas Golden Knights,PAC,0.6767063612371855
23/02/2023 (v7.0),Washington Capitals,MET,0.23467615496002667
23/02/2023 (v7.0),Winnipeg Jets,CEN,0.5103461222621496
26/02/2023 (v7.0),Anaheim Ducks,PAC,0.1123907050221925
26/02/2023 (v7.0),Arizona Coyotes,CEN,0.22182621636379846
26/02/2023 (v7.0),Boston Bruins,ATL,0.9814448035430661
26/02/2023 (v7.0),Buffalo Sabres,ATL,0.433480994519794
26/02/2023 (v7.0),Calgary Flames,CEN,0.3409144071533651
26/02/2023 (v7.0),Carolina Hurricanes,MET,0.9538275025233012
26/02/2023 (v7.0),Chicago Blackhawks,CEN,0.3451581262006183
26/02/2023 (v7.0),Colorado Avalanche,CEN,0.7787636650407179
26/02/2023 (v7.0),Columbus Blue Jackets,MET,0.29633363587384426
26/02/2023 (v7.0),Dallas Stars,CEN,0.5360809676306699
26/02/2023 (v7.0),Detroit Red Wings,ATL,0.6112832015649903
26/02/2023 (v7.0),Edmonton Oilers,PAC,0.48657445867182003
26/02/2023 (v7.0),Florida Panthers,ATL,0.47413357069245055
26/02/2023 (v7.0),Los Angeles Kings,PAC,0.6173760111055795
26/02/2023 (v7.0),Minnesota Wild,CEN,0.6488240800548355
26/02/2023 (v7.0),Montréal Canadiens,ATL,0.3270412791414044
26/02/2023 (v7.0),Nashville Predators,CEN,0.5590004896668198
26/02/2023 (v7.0),New Jersey Devils,MET,0.8869099268229783
26/02/2023 (v7.0),New York Islanders,MET,0.4354928480330555
26/02/2023 (v7.0),New York Rangers,MET,0.7935296828313421
26/02/2023 (v7.0),Ottawa Senators,ATL,0.2761368035326122
26/02/2023 (v7.0),Philadelphia Flyers,MET,0.19646177880328253
26/02/2023 (v7.0),Pittsburgh Penguins,MET,0.25436938724509434
26/02/2023 (v7.0),San Jose Sharks,PAC,0.24671694125641289
26/02/2023 (v7.0),Seattle Kraken,PAC,0.4028368377212279
26/02/2023 (v7.0),St. Louis Blues,CEN,0.1924178539205053
26/02/2023 (v7.0),Tampa Bay Lightning,ATL,0.7557475506952882
26/02/2023 (v7.0),Toronto Maple Leafs,ATL,0.6347424703670004
26/02/2023 (v7.0),Vancouver Canucks,PAC,0.12306535194057781
26/02/2023 (v7.0),Vegas Golden Knights,PAC,0.7025407054184848
26/02/2023 (v7.0),Washington Capitals,MET,0.2631490816253491
26/02/2023 (v7.0),Winnipeg Jets,CEN,0.42239629433352305
12/03/2023 (v7.0),Anaheim Ducks,PAC,0.28776373509542086
12/03/2023 (v7.0),Arizona Coyotes,CEN,0.1304483747803273
12/03/2023 (v7.0),Boston Bruins,ATL,0.9865831407776113
12/03/2023 (v7.0),Buffalo Sabres,ATL,0.41852336737072837
12/03/2023 (v7.0),Calgary Flames,CEN,0.40181876927795196
12/03/2023 (v7.0),Carolina Hurricanes,MET,0.8454103268810438
12/03/2023 (v7.0),Chicago Blackhawks,CEN,0.16629173846967146
12/03/2023 (v7.0),Colorado Avalanche,CEN,0.7085828964098417
12/03/2023 (v7.0),Columbus Blue Jackets,MET,0.2528219963359286
12/03/2023 (v7.0),Dallas Stars,CEN,0.5645283160351962
12/03/2023 (v7.0),Detroit Red Wings,ATL,0.31053259753137596
12/03/2023 (v7.0),Edmonton Oilers,PAC,0.7286438334017995
12/03/2023 (v7.0),Florida Panthers,ATL,0.39169439319604665
12/03/2023 (v7.0),Los Angeles Kings,PAC,0.6914126133511826
12/03/2023 (v7.0),Minnesota Wild,CEN,0.7647322391080875
12/03/2023 (v7.0),Montréal Canadiens,ATL,0.13052791364475352
12/03/2023 (v7.0),Nashville Predators,CEN,0.628454588877614
12/03/2023 (v7.0),New Jersey Devils,MET,0.8519130986783494
12/03/2023 (v7.0),New York Islanders,MET,0.39843097918570114
12/03/2023 (v7.0),New York Rangers,MET,0.6137625178971704
12/03/2023 (v7.0),Ottawa Senators,ATL,0.4525317271580894
12/03/2023 (v7.0),Philadelphia Flyers,MET,0.15023958027605278
12/03/2023 (v7.0),Pittsburgh Penguins,MET,0.3782862554000557
12/03/2023 (v7.0),San Jose Sharks,PAC,0.07601900322348398
12/03/2023 (v7.0),Seattle Kraken,PAC,0.48055294059992065
12/03/2023 (v7.0),St. Louis Blues,CEN,0.20409205254282764
12/03/2023 (v7.0),Tampa Bay Lightning,ATL,0.5841626711060479
12/03/2023 (v7.0),Toronto Maple Leafs,ATL,0.7941600750063406
12/03/2023 (v7.0),Vancouver Canucks,PAC,0.3469187721630757
12/03/2023 (v7.0),Vegas Golden Knights,PAC,0.8176538131698118
12/03/2023 (v7.0),Washington Capitals,MET,0.34159512115400914
12/03/2023 (v7.0),Winnipeg Jets,CEN,0.3710318639985563
19/03/2023 (v7.0),Anaheim Ducks,PAC,0.114523047516824
19/03/2023 (v7.0),Arizona Coyotes,CEN,0.3955771561172219
19/03/2023 (v7.0),Boston Bruins,ATL,0.9606746182503505
19/03/2023 (v7.0),Buffalo Sabres,ATL,0.3789414212594582
19/03/2023 (v7.0),Calgary Flames,CEN,0.39104847293157535
19/03/2023 (v7.0),Carolina Hurricanes,MET,0.8243966020400462
19/03/2023 (v7.0),Chicago Blackhawks,CEN,0.18308658604028966
19/03/2023 (v7.0),Colorado Avalanche,CEN,0.8177929177676911
19/03/2023 (v7.0),Columbus Blue Jackets,MET,0.1711002472656459
19/03/2023 (v7.0),Dallas Stars,CEN,0.6955328577826917
19/03/2023 (v7.0),Detroit Red Wings,ATL,0.25028315321061095
19/03/2023 (v7.0),Edmonton Oilers,PAC,0.6580875097094521
19/03/2023 (v7.0),Florida Panthers,ATL,0.5603477151844186
19/03/2023 (v7.0),Los Angeles Kings,PAC,0.8118942843400048
19/03/2023 (v7.0),Minnesota Wild,CEN,0.7254189371225159
19/03/2023 (v7.0),Montréal Canadiens,ATL,0.11794655443537361
19/03/2023 (v7.0),Nashville Predators,CEN,0.4975584078671178
19/03/2023 (v7.0),New Jersey Devils,MET,0.8616441773966523
19/03/2023 (v7.0),New York Islanders,MET,0.4477961482405452
19/03/2023 (v7.0),New York Rangers,MET,0.6834486003090381
19/03/2023 (v7.0),Ottawa Senators,ATL,0.47948104843206246
19/03/2023 (v7.0),Philadelphia Flyers,MET,0.1253520459495013
19/03/2023 (v7.0),Pittsburgh Penguins,MET,0.41850116606282706
19/03/2023 (v7.0),San Jose Sharks,PAC,0.05612185037176673
19/03/2023 (v7.0),Seattle Kraken,PAC,0.525954648939398
19/03/2023 (v7.0),St. Louis Blues,CEN,0.21373796963142744
19/03/2023 (v7.0),Tampa Bay Lightning,ATL,0.727266734617881
19/03/2023 (v7.0),Toronto Maple Leafs,ATL,0.8129109671209364
19/03/2023 (v7.0),Vancouver Canucks,PAC,0.35899932764397496
19/03/2023 (v7.0),Vegas Golden Knights,PAC,0.8066231901237746
19/03/2023 (v7.0),Washington Capitals,MET,0.3079900685549143
19/03/2023 (v7.0),Winnipeg Jets,CEN,0.41260652764393246
02/04/2023 (v7.0),Anaheim Ducks,PAC,0.07599479703375266
02/04/2023 (v7.0),Arizona Coyotes,CEN,0.418860881891425
02/04/2023 (v7.0),Boston Bruins,ATL,0.9602886252967415
02/04/2023 (v7.0),Buffalo Sabres,ATL,0.30535001504705933
02/04/2023 (v7.0),Calgary Flames,CEN,0.441239588508468
02/04/2023 (v7.0),Carolina Hurricanes,MET,0.7881492755360879
02/04/2023 (v7.0),Chicago Blackhawks,CEN,0.09156894675528482
02/04/2023 (v7.0),Colorado Avalanche,CEN,0.7977114794398112
02/04/2023 (v7.0),Columbus Blue Jackets,MET,0.09743534173652904
02/04/2023 (v7.0),Dallas Stars,CEN,0.5520189143226019
02/04/2023 (v7.0),Detroit Red Wings,ATL,0.24004656616032083
02/04/2023 (v7.0),Edmonton Oilers,PAC,0.8072865183231457
02/04/2023 (v7.0),Florida Panthers,ATL,0.5151158866772606
02/04/2023 (v7.0),Los Angeles Kings,PAC,0.8022991490689235
02/04/2023 (v7.0),Minnesota Wild,CEN,0.7486210484677807
02/04/2023 (v7.0),Montréal Canadiens,ATL,0.14440414861445441
02/04/2023 (v7.0),Nashville Predators,CEN,0.6155061972396987
02/04/2023 (v7.0),New Jersey Devils,MET,0.7689965941070361
02/04/2023 (v7.0),New York Islanders,MET,0.630485858756626
02/04/2023 (v7.0),New York Rangers,MET,0.8122671804408758
02/04/2023 (v7.0),Ottawa Senators,ATL,0.28600606691885544
02/04/2023 (v7.0),Philadelphia Flyers,MET,0.17691238060319836
02/04/2023 (v7.0),Pittsburgh Penguins,MET,0.37708556788039244
02/04/2023 (v7.0),San Jose Sharks,PAC,0.10509227317481531
02/04/2023 (v7.0),Seattle Kraken,PAC,0.4952261204996137
02/04/2023 (v7.0),St. Louis Blues,CEN,0.23857658853255315
02/04/2023 (v7.0),Tampa Bay Lightning,ATL,0.7827533567502821
02/04/2023 (v7.0),Toronto Maple Leafs,ATL,0.7812638995363019
02/04/2023 (v7.0),Vancouver Canucks,PAC,0.37412145247926865
02/04/2023 (v7.0),Vegas Golden Knights,PAC,0.812689448543348
02/04/2023 (v7.0),Washington Capitals,MET,0.205983623562197
02/04/2023 (v7.0),Winnipeg Jets,CEN,0.39033504049850404
